[
  {
    "id": "793fcf2d-810d-40ec-b1e5-e09715c3ec64",
    "data": [
      {
        "text": "你的",
        "userDefined": false
      },
      {
        "text": "年龄",
        "alias": "age",
        "meta": "@sys.age",
        "userDefined": true
      },
      {
        "text": "是多少",
        "userDefined": false
      }
    ],
    "isTemplate": false,
    "count": 0
  },
  {
    "id": "342bd051-baab-4095-a532-67893766c7b4",
    "data": [
      {
        "text": "你",
        "userDefined": false
      },
      {
        "text": "多大",
        "alias": "age",
        "meta": "@sys.age",
        "userDefined": true
      },
      {
        "text": "了",
        "userDefined": false
      }
    ],
    "isTemplate": false,
    "count": 0
  }
]