[
  {
    "id": "a20d2a65-2d8a-4c01-8696-ac39f8af3ac6",
    "data": [
      {
        "text": "做了",
        "userDefined": false
      }
    ],
    "isTemplate": false,
    "count": 0
  },
  {
    "id": "d063f1fa-8cb2-4343-816d-374f9f25e9c2",
    "data": [
      {
        "text": "做完啦",
        "userDefined": false
      }
    ],
    "isTemplate": false,
    "count": 0
  },
  {
    "id": "df68ceda-dbf4-402d-8fb0-eae34b1ce55e",
    "data": [
      {
        "text": "做好啦",
        "userDefined": false
      }
    ],
    "isTemplate": false,
    "count": 0
  },
  {
    "id": "d91755ef-a64f-449a-9ce9-dcfb1d39548c",
    "data": [
      {
        "text": "当然",
        "userDefined": false
      }
    ],
    "isTemplate": false,
    "count": 0
  },
  {
    "id": "ea450140-0af7-4755-8869-c159f8c4734f",
    "data": [
      {
        "text": "我同意",
        "userDefined": false
      }
    ],
    "isTemplate": false,
    "count": 0,
    "updated": 1497446586
  },
  {
    "id": "5ef795df-3c8e-4118-aabc-028a62b70e1b",
    "data": [
      {
        "text": "執行",
        "userDefined": false
      }
    ],
    "isTemplate": false,
    "count": 0,
    "updated": 1497446586
  },
  {
    "id": "6b9ce28f-fdba-4736-bc59-996c9cefaaf2",
    "data": [
      {
        "text": "可以",
        "userDefined": false
      }
    ],
    "isTemplate": false,
    "count": 0,
    "updated": 1497446586
  },
  {
    "id": "3ea32fdb-f65a-4d7c-89b9-7198fa4bc2e6",
    "data": [
      {
        "text": "好啊",
        "userDefined": false
      }
    ],
    "isTemplate": false,
    "count": 0,
    "updated": 1497446586
  },
  {
    "id": "e1929a4e-e748-4f90-b0c0-0ca4c6bbb27a",
    "data": [
      {
        "text": "正確",
        "userDefined": false
      }
    ],
    "isTemplate": false,
    "count": 0,
    "updated": 1497446586
  },
  {
    "id": "2a161dc1-b706-41ed-bc1a-6cd5dc240646",
    "data": [
      {
        "text": "好",
        "userDefined": false
      }
    ],
    "isTemplate": false,
    "count": 0,
    "updated": 1497446586
  },
  {
    "id": "e3f63c41-f928-49f9-89c9-6fcfde3524a9",
    "data": [
      {
        "text": "確認",
        "userDefined": false
      }
    ],
    "isTemplate": false,
    "count": 0,
    "updated": 1497446586
  },
  {
    "id": "9100b393-8ecf-4fff-9a20-4d3806dbb880",
    "data": [
      {
        "text": "沒錯",
        "userDefined": false
      }
    ],
    "isTemplate": false,
    "count": 0,
    "updated": 1497446586
  },
  {
    "id": "d07f149b-7206-490c-af55-9b28e0c46c84",
    "data": [
      {
        "text": "好的",
        "userDefined": false
      }
    ],
    "isTemplate": false,
    "count": 0,
    "updated": 1497446586
  },
  {
    "id": "59c8a2ae-06bf-4364-80d7-8d5b3b4bb4c1",
    "data": [
      {
        "text": "是",
        "userDefined": false
      }
    ],
    "isTemplate": false,
    "count": 0,
    "updated": 1497446586
  }
]