[
  {
    "id": "4c14d45f-8c70-4f3a-a391-d2d9193a7bb2",
    "data": [
      {
        "text": "今天",
        "alias": "day",
        "meta": "@day",
        "userDefined": false
      },
      {
        "text": "是什么日子",
        "userDefined": false
      }
    ],
    "isTemplate": false,
    "count": 0
  },
  {
    "id": "01d6befc-2cb2-4294-81e0-9753584db249",
    "data": [
      {
        "text": "今天",
        "alias": "day",
        "meta": "@day",
        "userDefined": false
      },
      {
        "text": "是几号",
        "userDefined": false
      }
    ],
    "isTemplate": false,
    "count": 0
  }
]