[
  {
    "id": "2a48de98-be70-4f61-8906-3ef36975e965",
    "data": [
      {
        "text": "今儿",
        "userDefined": false
      },
      {
        "text": "周",
        "alias": "Monday",
        "meta": "@Monday",
        "userDefined": true
      },
      {
        "text": "几",
        "userDefined": false
      }
    ],
    "isTemplate": false,
    "count": 0
  },
  {
    "id": "3773875c-d11f-42c5-be54-8f5903e5d28f",
    "data": [
      {
        "text": "今儿",
        "alias": "date",
        "meta": "@sys.date",
        "userDefined": true
      },
      {
        "text": "星期几",
        "userDefined": false
      }
    ],
    "isTemplate": false,
    "count": 0
  },
  {
    "id": "dbecf707-0e9b-4727-9612-794dbce083a6",
    "data": [
      {
        "text": "今天",
        "alias": "date",
        "meta": "@sys.date",
        "userDefined": false
      },
      {
        "text": "周几",
        "userDefined": false
      }
    ],
    "isTemplate": false,
    "count": 0
  },
  {
    "id": "cce3b74f-7d4c-4a94-a72d-688c313a4682",
    "data": [
      {
        "text": "今天",
        "alias": "date",
        "meta": "@sys.date",
        "userDefined": false
      },
      {
        "text": "星期几",
        "userDefined": false
      }
    ],
    "isTemplate": false,
    "count": 0
  }
]