[
  {
    "id": "59bd2047-aaf5-4260-8557-2c70fdde06e6",
    "data": [
      {
        "text": "出门，",
        "userDefined": false
      },
      {
        "text": "今天",
        "alias": "day",
        "meta": "@day",
        "userDefined": false
      },
      {
        "text": "的",
        "userDefined": false
      },
      {
        "text": "气候",
        "alias": "weather",
        "meta": "@weather",
        "userDefined": false
      },
      {
        "text": "怎么样",
        "userDefined": false
      }
    ],
    "isTemplate": false,
    "count": 0
  },
  {
    "id": "2d4d8ea6-f82b-4ff4-8fbf-4a4075a787a6",
    "data": [
      {
        "text": "去，天气",
        "userDefined": false
      },
      {
        "text": "怎么样",
        "alias": "how",
        "meta": "@how",
        "userDefined": true
      }
    ],
    "isTemplate": false,
    "count": 0
  },
  {
    "id": "506db280-5682-453a-a100-88dcbf6b2aba",
    "data": [
      {
        "text": "出，",
        "userDefined": false
      },
      {
        "text": "天气",
        "alias": "weather",
        "meta": "@weather",
        "userDefined": false
      },
      {
        "text": "如何",
        "alias": "how",
        "meta": "@how",
        "userDefined": false
      }
    ],
    "isTemplate": false,
    "count": 0
  },
  {
    "id": "8d85d1eb-5cb5-497b-a1ed-69f64abb64b3",
    "data": [
      {
        "text": "出门，",
        "userDefined": false
      },
      {
        "text": "今天",
        "alias": "day",
        "meta": "@day",
        "userDefined": false
      },
      {
        "text": "天气",
        "alias": "weather",
        "meta": "@weather",
        "userDefined": false
      },
      {
        "text": "怎么样？",
        "userDefined": false
      }
    ],
    "isTemplate": false,
    "count": 0
  }
]