[
  {
    "id": "06c16fe3-ef1e-4aa3-825f-3b5625eef536",
    "data": [
      {
        "text": "你的",
        "userDefined": false
      },
      {
        "text": "爸爸妈妈",
        "alias": "parents",
        "meta": "@parents",
        "userDefined": true
      },
      {
        "text": "是谁",
        "userDefined": false
      }
    ],
    "isTemplate": false,
    "count": 0
  },
  {
    "id": "391d84f0-9d82-436f-8ce0-0b19394a17f4",
    "data": [
      {
        "text": "你的",
        "userDefined": false
      },
      {
        "text": "爸妈",
        "alias": "parents",
        "meta": "@parents",
        "userDefined": false
      },
      {
        "text": "是谁",
        "userDefined": false
      }
    ],
    "isTemplate": false,
    "count": 0
  },
  {
    "id": "a2935729-83d1-4a6d-b991-8d863e061d57",
    "data": [
      {
        "text": "你",
        "userDefined": false
      },
      {
        "text": "父母",
        "alias": "parents",
        "meta": "@parents",
        "userDefined": true
      },
      {
        "text": "是谁",
        "userDefined": false
      }
    ],
    "isTemplate": false,
    "count": 0
  }
]