[
  {
    "id": "60496df4-0ad3-4f22-82b1-f946244dd998",
    "data": [
      {
        "text": "今天",
        "alias": "day",
        "meta": "@day",
        "userDefined": false
      },
      {
        "text": "天气",
        "alias": "weather",
        "meta": "@weather",
        "userDefined": false
      },
      {
        "text": "如何",
        "userDefined": false
      }
    ],
    "isTemplate": false,
    "count": 0
  },
  {
    "id": "1d9d9f23-ed17-42ce-8044-4f095a0dfb7e",
    "data": [
      {
        "text": "今天",
        "alias": "day",
        "meta": "@day",
        "userDefined": false
      },
      {
        "text": "天气",
        "alias": "weather",
        "meta": "@weather",
        "userDefined": false
      },
      {
        "text": "怎么样",
        "userDefined": false
      }
    ],
    "isTemplate": false,
    "count": 0
  }
]