[
  {
    "id": "a15cbfb8-c7ad-40b1-b416-8d1ecc27fdf5",
    "data": [
      {
        "text": "我长得",
        "userDefined": false
      },
      {
        "text": "如何",
        "alias": "how",
        "meta": "@how",
        "userDefined": false
      }
    ],
    "isTemplate": false,
    "count": 0
  },
  {
    "id": "c1e9ad67-4ef2-4a1f-b337-43ee7cdbbf13",
    "data": [
      {
        "text": "我好看吗",
        "userDefined": false
      }
    ],
    "isTemplate": false,
    "count": 0
  },
  {
    "id": "062dd6c9-6c5a-4b86-8f12-d70a624280aa",
    "data": [
      {
        "text": "我美不美",
        "userDefined": false
      }
    ],
    "isTemplate": false,
    "count": 0
  }
]